id,sku,barcode,name,category,supplier_id,purchase_price,selling_price,units_per_case,reorder_point,safety_stock,lead_time_days,current_stock
PRD-001,SF-BEV-001,490000000001,Coca-Cola 20 oz,Beverages,SUP-001,1.05,2.49,24,34,12,3,23
PRD-002,SF-BEV-002,490000000002,Diet Coke 20 oz,Beverages,SUP-001,1.05,2.49,24,28,10,3,24
PRD-003,SF-BEV-003,490000000003,Sprite 20 oz,Beverages,SUP-001,1.02,2.49,24,25,10,3,31
PRD-004,SF-BEV-004,490000000004,Pepsi 20 oz,Beverages,SUP-001,1.00,2.39,24,30,12,3,48
PRD-005,SF-BEV-005,490000000005,Mountain Dew 20 oz,Beverages,SUP-001,1.00,2.39,24,24,10,3,12
PRD-006,SF-BEV-006,490000000006,Dr Pepper 20 oz,Beverages,SUP-001,1.04,2.49,24,22,8,3,18
PRD-007,SF-BEV-007,490000000007,Red Bull 8.4 oz,Beverages,SUP-001,1.82,3.49,24,32,12,4,26
PRD-008,SF-BEV-008,490000000008,Monster Energy 16 oz,Beverages,SUP-001,1.61,3.29,24,30,12,4,34
PRD-009,SF-BEV-009,490000000009,Gatorade Lemon-Lime 28 oz,Beverages,SUP-001,1.16,2.69,12,18,6,3,30
PRD-010,SF-BEV-010,490000000010,Gatorade Fruit Punch 28 oz,Beverages,SUP-001,1.16,2.69,12,18,6,3,11
PRD-011,SF-BEV-011,490000000011,Dasani Water 20 oz,Beverages,SUP-001,0.58,1.79,24,38,14,3,26
PRD-012,SF-BEV-012,490000000012,Arizona Green Tea 23 oz,Beverages,SUP-001,0.67,1.49,24,24,8,4,24
PRD-013,SF-CHI-013,490000000013,Lay's Classic 2.6 oz,Chips,SUP-002,0.91,2.19,12,20,6,5,22
PRD-014,SF-CHI-014,490000000014,Lay's BBQ 2.6 oz,Chips,SUP-002,0.91,2.19,12,18,6,5,28
PRD-015,SF-CHI-015,490000000015,Doritos Nacho Cheese 2.75 oz,Chips,SUP-002,1.02,2.49,12,24,8,5,7
PRD-016,SF-CHI-016,490000000016,Doritos Cool Ranch 2.75 oz,Chips,SUP-002,1.02,2.49,12,20,7,5,12
PRD-017,SF-CHI-017,490000000017,Cheetos Crunchy 3.25 oz,Chips,SUP-002,1.06,2.49,12,22,8,5,21
PRD-018,SF-CHI-018,490000000018,Fritos Original 3.5 oz,Chips,SUP-002,1.04,2.49,12,17,6,5,17
PRD-019,SF-CHI-019,490000000019,Ruffles Cheddar 2.5 oz,Chips,SUP-002,1.00,2.39,12,18,6,5,26
PRD-020,SF-CHI-020,490000000020,Takis Fuego 4 oz,Chips,SUP-002,1.18,2.79,12,24,8,5,12
PRD-021,SF-CHI-021,490000000021,Pringles Original 5.2 oz,Chips,SUP-002,1.22,2.99,14,15,5,6,12
PRD-022,SF-CHI-022,490000000022,SunChips Harvest Cheddar,Chips,SUP-002,1.05,2.59,12,14,5,5,12
PRD-023,SF-CHI-023,490000000023,Funyuns 2.1 oz,Chips,SUP-002,0.98,2.39,12,17,6,5,24
PRD-024,SF-CHI-024,490000000024,Smartfood White Cheddar,Chips,SUP-002,1.01,2.49,12,16,5,5,28
PRD-025,SF-CAN-025,490000000025,Snickers Bar,Candy,SUP-003,0.64,1.69,36,34,12,6,14
PRD-026,SF-CAN-026,490000000026,Twix Bar,Candy,SUP-003,0.64,1.69,36,30,10,6,22
PRD-027,SF-CAN-027,490000000027,Kit Kat Bar,Candy,SUP-003,0.61,1.59,36,28,10,6,27
PRD-028,SF-CAN-028,490000000028,Reese's Peanut Butter Cups,Candy,SUP-003,0.66,1.69,36,32,12,6,38
PRD-029,SF-CAN-029,490000000029,M&M's Peanut,Candy,SUP-003,0.72,1.89,24,22,8,6,38
PRD-030,SF-CAN-030,490000000030,M&M's Milk Chocolate,Candy,SUP-003,0.72,1.89,24,20,7,6,8
PRD-031,SF-CAN-031,490000000031,Skittles Original,Candy,SUP-003,0.69,1.79,24,22,8,6,12
PRD-032,SF-CAN-032,490000000032,Starburst Original,Candy,SUP-003,0.69,1.79,24,18,6,6,17
PRD-033,SF-CAN-033,490000000033,Sour Patch Kids,Candy,SUP-003,0.83,2.09,24,20,7,6,25
PRD-034,SF-CAN-034,490000000034,Haribo Goldbears,Candy,SUP-003,0.86,2.19,24,17,6,6,27
PRD-035,SF-CAN-035,490000000035,5 Gum Peppermint,Candy,SUP-003,0.62,1.69,10,10,4,7,6
PRD-036,SF-CAN-036,490000000036,Orbit Spearmint Gum,Candy,SUP-003,0.59,1.59,12,11,4,7,8
PRD-037,SF-HOU-037,490000000037,Scott Paper Towels Single Roll,Household,SUP-004,1.42,3.29,12,10,4,4,12
PRD-038,SF-HOU-038,490000000038,Charmin Toilet Paper 4 Pack,Household,SUP-004,3.86,7.49,6,7,2,4,5
PRD-039,SF-HOU-039,490000000039,Dawn Dish Soap 7.5 oz,Household,SUP-004,1.31,3.19,12,8,3,4,10
PRD-040,SF-HOU-040,490000000040,Tide Detergent 10 oz,Household,SUP-004,2.74,5.99,8,6,2,4,6
PRD-041,SF-HOU-041,490000000041,Bounty Napkins 100 ct,Household,SUP-004,1.82,3.99,12,8,3,4,9
PRD-042,SF-HOU-042,490000000042,Glad Trash Bags 10 ct,Household,SUP-004,2.09,4.49,8,6,2,5,4
PRD-043,SF-HOU-043,490000000043,Duracell AA 4 Pack,Household,SUP-004,3.17,6.99,12,7,2,5,6
PRD-044,SF-HOU-044,490000000044,Bic Lighter,Household,SUP-004,0.91,2.49,50,24,8,5,36
PRD-045,SF-HOU-045,490000000045,Tylenol 2 Pack,Household,SUP-004,0.81,1.99,25,15,5,5,7
PRD-046,SF-HOU-046,490000000046,Band-Aid Travel Pack,Household,SUP-004,0.74,1.89,12,8,3,5,4
PRD-047,SF-HOU-047,490000000047,Hand Sanitizer 2 oz,Household,SUP-004,0.83,2.19,24,12,4,4,13
PRD-048,SF-HOU-048,490000000048,Kleenex Pocket Tissues,Household,SUP-004,0.54,1.49,24,12,4,4,18
